id,nome,designer,azienda,anno,categoria,foto_originale,filename_finale,original_downloaded,final_standardized,image_downloaded,image_url,source_page,source_domain,query_usata,confidence,motivo,background_standardized,padding_standardized,final_canvas_size,status
,Terrazzo Flooring,Ettore Sottsass,Memphis,1983,superficie,sottsass-terrazzo.jpg,sottsass-terrazzo.jpg,False,False,False,,,,"""Terrazzo Flooring"" ""Ettore Sottsass""",,nessun candidato scaricabile dopo 3 tentativi e filtri scarti/download; controlla _pipeline/log_errors.txt,False,False,1600x1600,download_failed
,T44,Osvaldo Borsani,Tecno,1957,tavolino,borsani-t44.jpg,borsani-t44.jpg,False,True,True,https://api.incanto.auction/api/lotto/immagine/34824/1.jpg,https://www.incanto.auction/uk/auction-0101/osvaldo-borsani-tavolino-mod-t44-34824,incanto.auction,"""T44"" ""Osvaldo Borsani""",review_flat,"salvati 1 candidati filtrati direttamente in _pipeline/review_images come borsani-t44.jpg, borsani-t442.jpg, ecc.; scegli quello giusto e spostalo/rinominalo borsani-t44.jpg",True,True,1600x1600,review_needed
,T61/C,Osvaldo Borsani,Tecno,1957,tavolino,borsani-t61-c.jpg,borsani-t61-c.jpg,False,True,True,https://chairish-prod.freetls.fastly.net/image/product/master/d4e2ba00-dce5-4fa5-a9ad-775f28cfbb45/t61-low-table-in-rosewood-and-metal-by-osvaldo-borsani-for-tecno-1960s-0657,https://kartbaski.net/?productSearch/pictureSearch?id=22336130661100,kartbaski.net,"""T61/C"" ""Osvaldo Borsani"" ""Tecno""",review_flat,"salvati 1 candidati filtrati direttamente in _pipeline/review_images come borsani-t61-c.jpg, borsani-t61-c2.jpg, ecc.; scegli quello giusto e spostalo/rinominalo borsani-t61-c.jpg",True,True,1600x1600,review_needed
,T61/E,Osvaldo Borsani,Tecno,1957,set di tavolini,borsani-t61-e.jpg,borsani-t61-e.jpg,False,False,False,,,,"""T61/E"" ""Osvaldo Borsani""",,nessun candidato scaricabile dopo 1 tentativi e filtri scarti/download; controlla _pipeline/log_errors.txt,False,False,1600x1600,download_failed
,L150,Osvaldo Borsani,Tecno,1966,letto,borsani-l150.jpg,borsani-l150.jpg,False,False,False,,,,"""L150"" ""Osvaldo Borsani""",,nessun candidato scaricabile dopo 1 tentativi e filtri scarti/download; controlla _pipeline/log_errors.txt,False,False,1600x1600,download_failed
,Tolomeo,"Michele De Lucchi, Giancarlo Fassina",Artemide,1987,lampada,lucchi-tolomeo.jpg,lucchi-tolomeo.jpg,False,False,False,,,,"""Tolomeo"" ""Michele De Lucchi""",,nessun candidato scaricabile dopo 1 tentativi e filtri scarti/download; controlla _pipeline/log_errors.txt,False,False,1600x1600,download_failed
,Elettra,"Lodovico Belgiojoso, Enrico Peressutti, Ernesto Nathan Rogers",Arflex,1953,sedia,belgiojoso-elettra.jpg,belgiojoso-elettra.jpg,False,False,False,,,,"""Elettra"" ""Lodovico Belgiojoso""",,nessun candidato scaricabile dopo 1 tentativi e filtri scarti/download; controlla _pipeline/log_errors.txt,False,False,1600x1600,download_failed
,Torre Velasca (modello),"Lodovico Belgiojoso, Enrico Peressutti, Ernesto Nathan Rogers",BBPR,1958,architettura,belgiojoso-torrevelasca.jpg,belgiojoso-torrevelasca.jpg,False,False,False,,,,"""Torre Velasca (modello)"" ""Lodovico Belgiojoso""",,nessun candidato scaricabile dopo 3 tentativi e filtri scarti/download; controlla _pipeline/log_errors.txt,False,False,1600x1600,download_failed
,Allestimento Castello Sforzesco,"Lodovico Belgiojoso, Enrico Peressutti, Ernesto Nathan Rogers",BBPR,1956,allestimento,belgiojoso-castellosforzesco.jpg,belgiojoso-castellosforzesco.jpg,False,False,False,,,,"""Allestimento Castello Sforzesco"" ""Lodovico Belgiojoso""",,nessun candidato scaricabile dopo 3 tentativi e filtri scarti/download; controlla _pipeline/log_errors.txt,False,False,1600x1600,download_failed
,No-Stop City,"Andrea Branzi, Gilberto Corretti, Paolo Deganello, Massimo Morozzi",Archizoom,1969,progetto teorico,branzi-nostopcity.jpg,branzi-nostopcity.jpg,False,False,False,,,,"""No-Stop City"" ""Andrea Branzi""",,nessun candidato scaricabile dopo 1 tentativi e filtri scarti/download; controlla _pipeline/log_errors.txt,False,False,1600x1600,download_failed
,Autoprogettazione,Enzo Mari,Simon International,1974,tavolo,mari-autoprogettazione.jpg,mari-autoprogettazione.jpg,False,False,False,,,,"""Autoprogettazione"" ""Enzo Mari""",,nessun candidato scaricabile dopo 1 tentativi e filtri scarti/download; controlla _pipeline/log_errors.txt,False,False,1600x1600,download_failed
,Luminator,"Achille Castiglioni, Pier Giacomo Castiglioni",Flos,1955,lampada,castiglioni-luminator.jpg,castiglioni-luminator.jpg,False,False,False,,,,"""Luminator"" ""Achille Castiglioni""",,nessun candidato scaricabile dopo 1 tentativi e filtri scarti/download; controlla _pipeline/log_errors.txt,False,False,1600x1600,download_failed
,Le Bambole Armchair,Mario Bellini,B&B Italia,1972,poltrona,bellini-le-bambole-armchair.jpg,bellini-le-bambole-armchair.jpg,False,False,False,,,,"""Le Bambole Armchair"" ""Mario Bellini""",,nessun candidato scaricabile dopo 1 tentativi e filtri scarti/download; controlla _pipeline/log_errors.txt,False,False,1600x1600,download_failed
,Quattro Gatti,Rodolfo Bonetto,B-Line,1971,tavolo,bonetto-quattrogatti.jpg,bonetto-quattrogatti.jpg,False,False,False,,,,"""Quattro Gatti"" ""Rodolfo Bonetto""",,nessun candidato scaricabile dopo 1 tentativi e filtri scarti/download; controlla _pipeline/log_errors.txt,False,False,1600x1600,download_failed
,Miss Sissi,Philippe Starck,Flos,1991,lampada,starck-misssissi.jpg,starck-misssissi.jpg,False,True,True,https://images.whoppah.com/products/RTGS6RFIX918/00KCDIYR60BJ/flos-miss-sissi-lamp-by-phstarck.jpeg?height=1280,https://www.whoppah.com/it/prodotti/lampada-flos-miss-sissi-di-phstarck-RTGS6RFIX918,whoppah.com,"""Miss Sissi"" ""Philippe Starck""",review_flat,"salvati 1 candidati filtrati direttamente in _pipeline/review_images come starck-misssissi.jpg, starck-misssissi2.jpg, ecc.; scegli quello giusto e spostalo/rinominalo starck-misssissi.jpg",True,True,1600x1600,review_needed
,La Marie,Philippe Starck,Kartell,1999,sedia,starck-lamarie.jpg,starck-lamarie.jpg,False,False,False,,,,"""La Marie"" ""Philippe Starck""",,nessun candidato scaricabile dopo 1 tentativi e filtri scarti/download; controlla _pipeline/log_errors.txt,False,False,1600x1600,download_failed
,DSW,"Charles Eames, Ray Eames",Herman Miller,1950,sedia,eames-dsw.jpg,eames-dsw.jpg,False,True,True,https://camodernhome.com/cdn/shop/products/black-bamboo-palisander-hermanmiller-eames-lounge-chair_2000x.jpg?v=1731576519,https://www.llearn.gr/?r=21285997041260,llearn.gr,"""DSW"" ""Charles Eames""",review_flat,"salvati 1 candidati filtrati direttamente in _pipeline/review_images come eames-dsw.jpg, eames-dsw2.jpg, ecc.; scegli quello giusto e spostalo/rinominalo eames-dsw.jpg",True,True,1600x1600,review_needed
,Monachella,Luigi Caccia Dominioni,Azucena,1956,lampada,cacciadominioni-monachella.jpg,cacciadominioni-monachella.jpg,False,True,True,https://www.creazionidinterni.it/wp-content/uploads/2022/06/Lampada-Monachella-10.jpeg,https://www.creazionidinterni.it/product/luigi-caccia-dominioni-per-azucena-lampada-da-terra-mod-monachella/,creazionidinterni.it,"""Monachella"" ""Luigi Caccia Dominioni""",review_flat,"salvati 2 candidati filtrati direttamente in _pipeline/review_images come cacciadominioni-monachella.jpg, cacciadominioni-monachella2.jpg, ecc.; scegli quello giusto e spostalo/rinominalo cacciadominioni-monachella.jpg",True,True,1600x1600,review_needed
,Lariana,Luigi Caccia Dominioni,Azucena,1958,sedia,cacciadominioni-lariana.jpg,cacciadominioni-lariana.jpg,False,False,False,,,,"""Lariana"" ""Luigi Caccia Dominioni""",,nessun candidato scaricabile dopo 3 tentativi e filtri scarti/download; controlla _pipeline/log_errors.txt,False,False,1600x1600,download_failed
,Torre Pirelli,Gio Ponti,Pirelli,1960,architettura,ponti-torrepirelli.jpg,ponti-torrepirelli.jpg,False,True,True,https://sobrearquitecturas.wordpress.com/wp-content/uploads/2016/04/rascacielos-pirelli-fachada.jpg,https://sobrearquitecturas.wordpress.com/2016/04/26/torre-pirelli-gio-ponti-con-pier-luigi-nervi-y-arturo-danusso/,sobrearquitecturas.wordpress.com,"""Torre Pirelli"" ""Gio Ponti""",review_flat,"salvati 1 candidati filtrati direttamente in _pipeline/review_images come ponti-torrepirelli.jpg, ponti-torrepirelli2.jpg, ecc.; scegli quello giusto e spostalo/rinominalo ponti-torrepirelli.jpg",True,True,1600x1600,review_needed
